{
  "chain_id": "MATH_017",
  "layer": 17,
  "T": 12,
  "arc_length": 829.1404418945312,
  "mean_curvature": 0.022770470194518565,
  "max_curvature": 0.02517300471663475,
  "n_transitions": 9,
  "return_rate": 0.7,
  "cone_angle": 0.8260961771011353,
  "n_tier3_sentences": 0,
  "n_cross_domain_sentences": 0,
  "truncated": false,
  "behaviours_visited": [
    "example-testing",
    "uncertainty-estimation",
    "backtracking",
    "adding-knowledge"
  ],
  "sentence_ids": [
    "MATH_017:1",
    "MATH_017:7",
    "MATH_017:8",
    "MATH_017:10",
    "MATH_017:11",
    "MATH_017:12",
    "MATH_017:14",
    "MATH_017:15",
    "MATH_017:17",
    "MATH_017:18",
    "MATH_017:24",
    "MATH_017:26"
  ],
  "behaviours": [
    "adding-knowledge",
    "uncertainty-estimation",
    "backtracking",
    "adding-knowledge",
    "example-testing",
    "uncertainty-estimation",
    "example-testing",
    "uncertainty-estimation",
    "backtracking",
    "example-testing",
    "adding-knowledge",
    "adding-knowledge"
  ],
  "cbs_tiers": [
    0,
    0,
    0,
    0,
    0,
    0,
    0,
    0,
    0,
    0,
    0,
    0
  ],
  "cross_domain": [
    null,
    null,
    null,
    null,
    null,
    null,
    null,
    null,
    null,
    null,
    null,
    null
  ],
  "arc_length_sequence": [
    0.0,
    89.45194244384766,
    160.5618896484375,
    230.5284423828125,
    302.498779296875,
    377.9219665527344,
    448.327880859375,
    528.711181640625,
    607.7462158203125,
    673.0958251953125,
    759.5428466796875,
    829.1404418945312
  ],
  "curvature_sequence": [
    null,
    0.020939359441399574,
    0.023498769849538803,
    0.023176919668912888,
    0.02299685776233673,
    0.02517300471663475,
    0.024066928774118423,
    0.022556036710739136,
    0.023579925298690796,
    0.021641967818140984,
    0.020074931904673576,
    null
  ]
}