{
  "chain_id": "MATH_006",
  "layer": 17,
  "T": 24,
  "arc_length": 1573.35986328125,
  "mean_curvature": 0.02478171493858099,
  "max_curvature": 0.03335766866803169,
  "n_transitions": 14,
  "return_rate": 0.7333333333333333,
  "cone_angle": 0.8620250821113586,
  "n_tier3_sentences": 0,
  "n_cross_domain_sentences": 0,
  "truncated": false,
  "behaviours_visited": [
    "example-testing",
    "uncertainty-estimation",
    "backtracking",
    "adding-knowledge"
  ],
  "sentence_ids": [
    "MATH_006:1",
    "MATH_006:8",
    "MATH_006:10",
    "MATH_006:11",
    "MATH_006:12",
    "MATH_006:13",
    "MATH_006:15",
    "MATH_006:16",
    "MATH_006:17",
    "MATH_006:18",
    "MATH_006:19",
    "MATH_006:20",
    "MATH_006:21",
    "MATH_006:22",
    "MATH_006:23",
    "MATH_006:24",
    "MATH_006:25",
    "MATH_006:26",
    "MATH_006:28",
    "MATH_006:29",
    "MATH_006:30",
    "MATH_006:32",
    "MATH_006:34",
    "MATH_006:36"
  ],
  "behaviours": [
    "adding-knowledge",
    "example-testing",
    "example-testing",
    "uncertainty-estimation",
    "backtracking",
    "example-testing",
    "backtracking",
    "example-testing",
    "uncertainty-estimation",
    "backtracking",
    "example-testing",
    "uncertainty-estimation",
    "backtracking",
    "example-testing",
    "uncertainty-estimation",
    "uncertainty-estimation",
    "backtracking",
    "example-testing",
    "uncertainty-estimation",
    "backtracking",
    "example-testing",
    "example-testing",
    "example-testing",
    "adding-knowledge"
  ],
  "cbs_tiers": [
    0,
    0,
    0,
    0,
    0,
    0,
    0,
    0,
    0,
    0,
    0,
    0,
    0,
    0,
    0,
    0,
    0,
    0,
    0,
    0,
    0,
    0,
    0,
    0
  ],
  "cross_domain": [
    null,
    null,
    null,
    null,
    null,
    null,
    null,
    null,
    null,
    null,
    null,
    null,
    null,
    null,
    null,
    null,
    null,
    null,
    null,
    null,
    null,
    null,
    null,
    null
  ],
  "arc_length_sequence": [
    0.0,
    69.1082992553711,
    144.30221557617188,
    211.1935577392578,
    279.5777282714844,
    348.0911865234375,
    415.4912109375,
    474.31719970703125,
    527.8670654296875,
    596.7089233398438,
    664.392578125,
    745.8733520507812,
    817.4221801757812,
    888.9906616210938,
    954.5164794921875,
    954.5164794921875,
    1022.2474365234375,
    1112.9478759765625,
    1193.0675048828125,
    1258.94677734375,
    1320.0404052734375,
    1397.502197265625,
    1480.4417724609375,
    1573.35986328125
  ],
  "curvature_sequence": [
    null,
    0.02355489879846573,
    0.02394276112318039,
    0.025377802550792694,
    0.02660342864692211,
    0.025500984862446785,
    0.02706928178668022,
    0.03335766866803169,
    0.02407790906727314,
    0.026072844862937927,
    0.02255278080701828,
    0.024005360901355743,
    0.024857547134160995,
    0.028256339952349663,
    null,
    null,
    0.02189994417130947,
    0.021632283926010132,
    0.02432527393102646,
    0.02552855759859085,
    0.025786999613046646,
    0.022578062489628792,
    0.018653567880392075,
    null
  ]
}