{
  "chain_id": "MATH_000",
  "layer": 17,
  "T": 14,
  "arc_length": 606.608154296875,
  "mean_curvature": 0.026356026995927095,
  "max_curvature": 0.03236844018101692,
  "n_transitions": 6,
  "return_rate": 0.5714285714285714,
  "cone_angle": 0.674863338470459,
  "n_tier3_sentences": 0,
  "n_cross_domain_sentences": 0,
  "truncated": true,
  "behaviours_visited": [
    "example-testing",
    "uncertainty-estimation",
    "adding-knowledge"
  ],
  "sentence_ids": [
    "MATH_000:3",
    "MATH_000:6",
    "MATH_000:7",
    "MATH_000:8",
    "MATH_000:9",
    "MATH_000:11",
    "MATH_000:12",
    "MATH_000:14",
    "MATH_000:16",
    "MATH_000:17",
    "MATH_000:18",
    "MATH_000:19",
    "MATH_000:20",
    "MATH_000:21"
  ],
  "behaviours": [
    "uncertainty-estimation",
    "adding-knowledge",
    "uncertainty-estimation",
    "example-testing",
    "uncertainty-estimation",
    "adding-knowledge",
    "adding-knowledge",
    "adding-knowledge",
    "uncertainty-estimation",
    "uncertainty-estimation",
    "uncertainty-estimation",
    "uncertainty-estimation",
    "uncertainty-estimation",
    "uncertainty-estimation"
  ],
  "cbs_tiers": [
    0,
    0,
    0,
    0,
    0,
    0,
    0,
    0,
    0,
    0,
    0,
    0,
    0,
    0
  ],
  "cross_domain": [
    null,
    null,
    null,
    null,
    null,
    null,
    null,
    null,
    null,
    null,
    null,
    null,
    null,
    null
  ],
  "arc_length_sequence": [
    0.0,
    82.12261962890625,
    155.32957458496094,
    228.23468017578125,
    296.7047119140625,
    346.1589660644531,
    396.4401550292969,
    462.0272216796875,
    543.9637451171875,
    606.608154296875,
    606.608154296875,
    606.608154296875,
    606.608154296875,
    606.608154296875
  ],
  "curvature_sequence": [
    null,
    0.022757966071367264,
    0.02404075302183628,
    0.02658260241150856,
    0.02978324517607689,
    0.03236844018101692,
    0.03138306736946106,
    0.02180304564535618,
    0.02212909609079361,
    null,
    null,
    null,
    null,
    null
  ]
}