{
  "chain_id": "MATH_004",
  "layer": 17,
  "T": 25,
  "arc_length": 902.4789428710938,
  "mean_curvature": 0.02495532187943657,
  "max_curvature": 0.03179096803069115,
  "n_transitions": 9,
  "return_rate": 0.6,
  "cone_angle": 0.8527619242668152,
  "n_tier3_sentences": 0,
  "n_cross_domain_sentences": 0,
  "truncated": true,
  "behaviours_visited": [
    "example-testing",
    "uncertainty-estimation",
    "backtracking",
    "adding-knowledge"
  ],
  "sentence_ids": [
    "MATH_004:1",
    "MATH_004:3",
    "MATH_004:4",
    "MATH_004:6",
    "MATH_004:7",
    "MATH_004:8",
    "MATH_004:10",
    "MATH_004:12",
    "MATH_004:16",
    "MATH_004:17",
    "MATH_004:20",
    "MATH_004:21",
    "MATH_004:32",
    "MATH_004:38",
    "MATH_004:44",
    "MATH_004:50",
    "MATH_004:56",
    "MATH_004:62",
    "MATH_004:67",
    "MATH_004:72",
    "MATH_004:77",
    "MATH_004:82",
    "MATH_004:130",
    "MATH_004:132",
    "MATH_004:134"
  ],
  "behaviours": [
    "adding-knowledge",
    "uncertainty-estimation",
    "adding-knowledge",
    "uncertainty-estimation",
    "example-testing",
    "uncertainty-estimation",
    "backtracking",
    "example-testing",
    "uncertainty-estimation",
    "example-testing",
    "uncertainty-estimation",
    "example-testing",
    "backtracking",
    "backtracking",
    "backtracking",
    "backtracking",
    "backtracking",
    "backtracking",
    "backtracking",
    "backtracking",
    "backtracking",
    "backtracking",
    "backtracking",
    "backtracking",
    "backtracking"
  ],
  "cbs_tiers": [
    0,
    0,
    0,
    0,
    0,
    0,
    0,
    0,
    0,
    0,
    0,
    0,
    0,
    0,
    0,
    0,
    0,
    0,
    0,
    0,
    0,
    0,
    0,
    0,
    0
  ],
  "cross_domain": [
    null,
    null,
    null,
    null,
    null,
    null,
    null,
    null,
    null,
    null,
    null,
    null,
    null,
    null,
    null,
    null,
    null,
    null,
    null,
    null,
    null,
    null,
    null,
    null,
    null
  ],
  "arc_length_sequence": [
    0.0,
    81.98775482177734,
    167.90382385253906,
    246.81764221191406,
    331.29327392578125,
    406.3870544433594,
    467.62359619140625,
    532.5543212890625,
    607.6336059570312,
    679.935546875,
    745.4256591796875,
    787.9511108398438,
    860.3939819335938,
    874.4223022460938,
    874.4223022460938,
    874.4223022460938,
    874.4223022460938,
    888.4506225585938,
    888.4506225585938,
    888.4506225585938,
    888.4506225585938,
    888.4506225585938,
    902.4789428710938,
    902.4789428710938,
    902.4789428710938
  ],
  "curvature_sequence": [
    null,
    0.020543787628412247,
    0.0213797464966774,
    0.019828885793685913,
    0.021608183160424232,
    0.026228928938508034,
    0.02549038827419281,
    0.025759650394320488,
    0.023800991475582123,
    0.024202289059758186,
    0.029292834922671318,
    0.029537208378314972,
    0.03179096803069115,
    null,
    null,
    null,
    null,
    null,
    null,
    null,
    null,
    null,
    null,
    null,
    null
  ]
}