{
  "chain_id": "MATH_003",
  "layer": 17,
  "T": 17,
  "arc_length": 1031.9193115234375,
  "mean_curvature": 0.027844576040903728,
  "max_curvature": 0.04296093061566353,
  "n_transitions": 11,
  "return_rate": 0.75,
  "cone_angle": 0.7374781370162964,
  "n_tier3_sentences": 0,
  "n_cross_domain_sentences": 0,
  "truncated": false,
  "behaviours_visited": [
    "example-testing",
    "uncertainty-estimation",
    "backtracking",
    "adding-knowledge"
  ],
  "sentence_ids": [
    "MATH_003:1",
    "MATH_003:3",
    "MATH_003:5",
    "MATH_003:7",
    "MATH_003:8",
    "MATH_003:9",
    "MATH_003:10",
    "MATH_003:12",
    "MATH_003:13",
    "MATH_003:15",
    "MATH_003:17",
    "MATH_003:18",
    "MATH_003:19",
    "MATH_003:20",
    "MATH_003:21",
    "MATH_003:24",
    "MATH_003:25"
  ],
  "behaviours": [
    "adding-knowledge",
    "example-testing",
    "example-testing",
    "uncertainty-estimation",
    "example-testing",
    "uncertainty-estimation",
    "example-testing",
    "uncertainty-estimation",
    "example-testing",
    "uncertainty-estimation",
    "uncertainty-estimation",
    "example-testing",
    "backtracking",
    "example-testing",
    "uncertainty-estimation",
    "uncertainty-estimation",
    "example-testing"
  ],
  "cbs_tiers": [
    0,
    0,
    0,
    0,
    0,
    0,
    0,
    0,
    0,
    0,
    0,
    0,
    0,
    0,
    0,
    0,
    0
  ],
  "cross_domain": [
    null,
    null,
    null,
    null,
    null,
    null,
    null,
    null,
    null,
    null,
    null,
    null,
    null,
    null,
    null,
    null,
    null
  ],
  "arc_length_sequence": [
    0.0,
    72.961669921875,
    149.57858276367188,
    243.0809326171875,
    320.0865478515625,
    388.0872497558594,
    435.80474853515625,
    502.64990234375,
    584.1237182617188,
    652.2682495117188,
    682.1924438476562,
    728.1808471679688,
    777.239990234375,
    849.9545288085938,
    920.2348022460938,
    978.9622802734375,
    1031.9193115234375
  ],
  "curvature_sequence": [
    null,
    0.021403508260846138,
    0.02024681866168976,
    0.021993927657604218,
    0.024030951783061028,
    0.028166664764285088,
    0.033631958067417145,
    0.024086132645606995,
    0.025564411655068398,
    0.033776089549064636,
    0.04296093061566353,
    0.034738585352897644,
    0.029054462909698486,
    0.027122417464852333,
    0.02088005468249321,
    0.030011726543307304,
    null
  ]
}