{
  "chain_id": "MATH_009",
  "layer": 17,
  "T": 19,
  "arc_length": 1288.823486328125,
  "mean_curvature": 0.024390306871603516,
  "max_curvature": 0.03890535235404968,
  "n_transitions": 8,
  "return_rate": 0.6666666666666666,
  "cone_angle": 0.7208040356636047,
  "n_tier3_sentences": 0,
  "n_cross_domain_sentences": 0,
  "truncated": false,
  "behaviours_visited": [
    "example-testing",
    "uncertainty-estimation",
    "backtracking",
    "adding-knowledge"
  ],
  "sentence_ids": [
    "MATH_009:1",
    "MATH_009:3",
    "MATH_009:4",
    "MATH_009:7",
    "MATH_009:8",
    "MATH_009:10",
    "MATH_009:11",
    "MATH_009:12",
    "MATH_009:13",
    "MATH_009:14",
    "MATH_009:15",
    "MATH_009:16",
    "MATH_009:17",
    "MATH_009:19",
    "MATH_009:21",
    "MATH_009:23",
    "MATH_009:25",
    "MATH_009:27",
    "MATH_009:30"
  ],
  "behaviours": [
    "adding-knowledge",
    "uncertainty-estimation",
    "adding-knowledge",
    "uncertainty-estimation",
    "backtracking",
    "uncertainty-estimation",
    "backtracking",
    "example-testing",
    "uncertainty-estimation",
    "backtracking",
    "adding-knowledge",
    "uncertainty-estimation",
    "backtracking",
    "uncertainty-estimation",
    "uncertainty-estimation",
    "uncertainty-estimation",
    "uncertainty-estimation",
    "uncertainty-estimation",
    "uncertainty-estimation"
  ],
  "cbs_tiers": [
    0,
    0,
    0,
    0,
    0,
    0,
    0,
    0,
    0,
    0,
    0,
    0,
    0,
    0,
    0,
    0,
    0,
    0,
    0
  ],
  "cross_domain": [
    null,
    null,
    null,
    null,
    null,
    null,
    null,
    null,
    null,
    null,
    null,
    null,
    null,
    null,
    null,
    null,
    null,
    null,
    null
  ],
  "arc_length_sequence": [
    0.0,
    72.01847839355469,
    135.37376403808594,
    230.11224365234375,
    293.45367431640625,
    376.9361267089844,
    458.1039733886719,
    532.78271484375,
    623.30712890625,
    706.5693359375,
    761.4292602539062,
    849.7947998046875,
    913.719482421875,
    1000.4771118164062,
    1075.9879150390625,
    1137.3853759765625,
    1182.73876953125,
    1217.8184814453125,
    1288.823486328125
  ],
  "curvature_sequence": [
    null,
    0.02117144875228405,
    0.022914990782737732,
    0.023192889988422394,
    0.021536314859986305,
    0.022204115986824036,
    0.022266482934355736,
    0.020924460142850876,
    0.021415961906313896,
    0.022283287718892097,
    0.024022309109568596,
    0.023143449798226357,
    0.020888779312372208,
    0.021972328424453735,
    0.025723077356815338,
    0.031123507767915726,
    0.03890535235404968,
    0.030946459621191025,
    null
  ]
}