{
  "chain_id": "MATH_016",
  "layer": 17,
  "T": 15,
  "arc_length": 966.9234619140625,
  "mean_curvature": 0.025208306570465747,
  "max_curvature": 0.032690536230802536,
  "n_transitions": 9,
  "return_rate": 0.6,
  "cone_angle": 0.8225802183151245,
  "n_tier3_sentences": 0,
  "n_cross_domain_sentences": 0,
  "truncated": false,
  "behaviours_visited": [
    "example-testing",
    "uncertainty-estimation",
    "backtracking",
    "adding-knowledge"
  ],
  "sentence_ids": [
    "MATH_016:1",
    "MATH_016:2",
    "MATH_016:4",
    "MATH_016:12",
    "MATH_016:14",
    "MATH_016:15",
    "MATH_016:17",
    "MATH_016:18",
    "MATH_016:19",
    "MATH_016:20",
    "MATH_016:22",
    "MATH_016:25",
    "MATH_016:30",
    "MATH_016:31",
    "MATH_016:32"
  ],
  "behaviours": [
    "adding-knowledge",
    "example-testing",
    "adding-knowledge",
    "uncertainty-estimation",
    "example-testing",
    "uncertainty-estimation",
    "uncertainty-estimation",
    "adding-knowledge",
    "backtracking",
    "example-testing",
    "uncertainty-estimation",
    "example-testing",
    "adding-knowledge",
    "adding-knowledge",
    "uncertainty-estimation"
  ],
  "cbs_tiers": [
    0,
    0,
    0,
    0,
    0,
    0,
    0,
    0,
    0,
    0,
    0,
    0,
    0,
    0,
    0
  ],
  "cross_domain": [
    null,
    null,
    null,
    null,
    null,
    null,
    null,
    null,
    null,
    null,
    null,
    null,
    null,
    null,
    null
  ],
  "arc_length_sequence": [
    0.0,
    74.0002670288086,
    175.01556396484375,
    258.54351806640625,
    313.73614501953125,
    372.2536926269531,
    413.88470458984375,
    473.6548156738281,
    549.927490234375,
    622.54150390625,
    680.195068359375,
    741.6532592773438,
    829.0238037109375,
    898.058349609375,
    966.9234619140625
  ],
  "curvature_sequence": [
    null,
    0.01870509795844555,
    0.0192259568721056,
    0.02376474440097809,
    0.030134208500385284,
    0.032690536230802536,
    0.03170820698142052,
    0.024240856990218163,
    0.02481275238096714,
    0.024038204923272133,
    0.030216170474886894,
    0.02245377004146576,
    0.021197272464632988,
    0.024520207196474075,
    null
  ]
}