{
  "chain_id": "MATH_014",
  "layer": 17,
  "T": 14,
  "arc_length": 936.0262451171875,
  "mean_curvature": 0.02492941978077094,
  "max_curvature": 0.030229315161705017,
  "n_transitions": 7,
  "return_rate": 0.75,
  "cone_angle": 0.8880564570426941,
  "n_tier3_sentences": 0,
  "n_cross_domain_sentences": 0,
  "truncated": false,
  "behaviours_visited": [
    "uncertainty-estimation",
    "backtracking",
    "adding-knowledge",
    "example-testing"
  ],
  "sentence_ids": [
    "MATH_014:1",
    "MATH_014:8",
    "MATH_014:9",
    "MATH_014:11",
    "MATH_014:12",
    "MATH_014:16",
    "MATH_014:17",
    "MATH_014:21",
    "MATH_014:24",
    "MATH_014:25",
    "MATH_014:29",
    "MATH_014:30",
    "MATH_014:31",
    "MATH_014:32"
  ],
  "behaviours": [
    "uncertainty-estimation",
    "uncertainty-estimation",
    "backtracking",
    "uncertainty-estimation",
    "backtracking",
    "uncertainty-estimation",
    "backtracking",
    "uncertainty-estimation",
    "uncertainty-estimation",
    "uncertainty-estimation",
    "uncertainty-estimation",
    "example-testing",
    "uncertainty-estimation",
    "adding-knowledge"
  ],
  "cbs_tiers": [
    0,
    0,
    0,
    0,
    0,
    0,
    0,
    0,
    0,
    0,
    0,
    0,
    0,
    0
  ],
  "cross_domain": [
    null,
    null,
    null,
    null,
    null,
    null,
    null,
    null,
    null,
    null,
    null,
    null,
    null,
    null
  ],
  "arc_length_sequence": [
    0.0,
    105.35799407958984,
    169.079345703125,
    236.38954162597656,
    298.9762268066406,
    363.3343811035156,
    430.5624084472656,
    508.00537109375,
    546.855224609375,
    626.7340087890625,
    709.7835693359375,
    791.7005615234375,
    855.2254028320312,
    936.0262451171875
  ],
  "curvature_sequence": [
    null,
    0.019614143297076225,
    0.027022067457437515,
    0.030229315161705017,
    0.02578885667026043,
    0.029281267896294594,
    0.02179787866771221,
    0.02567940577864647,
    0.027471370995044708,
    0.023899832740426064,
    0.022333739325404167,
    0.023425133898854256,
    0.022610025480389595,
    null
  ]
}