{
  "model_short": "R1-1.5B",
  "layer": 27,
  "n_pcs": 10,
  "confound": "CF-2 (chain / effective N)",
  "per_behaviour": {
    "backtracking": {
      "n_sentences": 10267,
      "d": 1536,
      "n_chains": 705,
      "sentences_per_chain": {
        "mean": 14.563120567375886,
        "median": 7.0,
        "min": 1,
        "max": 88,
        "p90": 37.0
      },
      "n_eff_floor_n_chains": 705,
      "icc": {
        "n0_adjusted_group_size": 14.536524234750347,
        "pc1": 0.9299916756415286,
        "var_weighted_topk": 0.7494933656249291,
        "per_pc": [
          0.9299916756415286,
          0.5615970276129003,
          0.7347259919148847,
          0.7777705136306025,
          0.6804884312473917,
          0.6503096758709315,
          0.7765515310000458,
          0.6511513634237946,
          0.6073590068656479,
          0.697420927856628
        ],
        "explained_variance_ratio_per_pc": [
          0.11296237820286467,
          0.053315852557610496,
          0.05032339096275018,
          0.04400849880759988,
          0.03495838121551097,
          0.030844221236839255,
          0.02418838638765564,
          0.0214843425194755,
          0.020868429853708154,
          0.01876175181171664
        ]
      },
      "design_effect": {
        "pc1": {
          "deff": 13.588854855437637,
          "n_eff": 755.5456371580581
        },
        "var_weighted_topk": {
          "deff": 11.145535107566456,
          "n_eff": 921.1760495043403
        }
      }
    },
    "uncertainty-estimation": {
      "n_sentences": 16728,
      "d": 1536,
      "n_chains": 909,
      "sentences_per_chain": {
        "mean": 18.402640264026402,
        "median": 9.0,
        "min": 1,
        "max": 158,
        "p90": 49.0
      },
      "n_eff_floor_n_chains": 909,
      "icc": {
        "n0_adjusted_group_size": 18.3746126150041,
        "pc1": 0.8908611374081692,
        "var_weighted_topk": 0.7073925479051003,
        "per_pc": [
          0.8908611374081692,
          0.46134214500822107,
          0.6811179381760127,
          0.7123680761744167,
          0.8194635150331783,
          0.7105866543479202,
          0.6254239416533186,
          0.6395540204367292,
          0.6784086125632377,
          0.5891037675144207
        ],
        "explained_variance_ratio_per_pc": [
          0.10266573024943332,
          0.06192868703122276,
          0.045936054649118103,
          0.03384915284447984,
          0.028295822433544435,
          0.025752194358073553,
          0.023169647765048203,
          0.020753992406909276,
          0.018322154234052337,
          0.01669699450506091
        ]
      },
      "design_effect": {
        "pc1": {
          "deff": 16.478367156228877,
          "n_eff": 1015.14912499548
        },
        "var_weighted_topk": {
          "deff": 13.290671486591847,
          "n_eff": 1258.6271518994254
        }
      }
    },
    "example-testing": {
      "n_sentences": 5829,
      "d": 1536,
      "n_chains": 636,
      "sentences_per_chain": {
        "mean": 9.165094339622641,
        "median": 3.0,
        "min": 1,
        "max": 106,
        "p90": 25.0
      },
      "n_eff_floor_n_chains": 636,
      "icc": {
        "n0_adjusted_group_size": 9.128399814665473,
        "pc1": 0.9224515736067905,
        "var_weighted_topk": 0.8162192255325724,
        "per_pc": [
          0.9224515736067905,
          0.4841339499476926,
          0.9093547858845714,
          0.8124700483358773,
          0.8114537482034531,
          0.820985903496872,
          0.7814692228733349,
          0.7772992532942132,
          0.7566578879622435,
          0.8563751831388903
        ],
        "explained_variance_ratio_per_pc": [
          0.16850975669888824,
          0.060481119245049245,
          0.04572999805600904,
          0.035154280615324315,
          0.029590424697032127,
          0.02691312893335617,
          0.023581307599088826,
          0.018502870193049754,
          0.017019356562825546,
          0.01549997340492022
        ]
      },
      "design_effect": {
        "pc1": {
          "deff": 8.498055199943309,
          "n_eff": 685.9216447592487
        },
        "var_weighted_topk": {
          "deff": 7.634556201545357,
          "n_eff": 763.5021402842141
        }
      }
    },
    "adding-knowledge": {
      "n_sentences": 5027,
      "d": 1536,
      "n_chains": 881,
      "sentences_per_chain": {
        "mean": 5.7060158910329175,
        "median": 3.0,
        "min": 1,
        "max": 80,
        "p90": 12.0
      },
      "n_eff_floor_n_chains": 881,
      "icc": {
        "n0_adjusted_group_size": 5.690935765050545,
        "pc1": 0.8805018169404506,
        "var_weighted_topk": 0.7538735604472568,
        "per_pc": [
          0.8805018169404506,
          0.6909605762181068,
          0.6087573093241135,
          0.7226620448194994,
          0.7353323797286102,
          0.6000417564125518,
          0.7561725124484674,
          0.7079524652851356,
          0.7899022526092101,
          0.8300626575064711
        ],
        "explained_variance_ratio_per_pc": [
          0.10601836048588721,
          0.05670180155197767,
          0.03784703049307718,
          0.035252731699964415,
          0.028296140913393154,
          0.024897707898774716,
          0.02374534728476067,
          0.01845347236700363,
          0.01723484303552931,
          0.01655667800348801
        ]
      },
      "design_effect": {
        "pc1": {
          "deff": 5.130377464277948,
          "n_eff": 979.8499301469045
        },
        "var_weighted_topk": {
          "deff": 4.536372447028031,
          "n_eff": 1108.1541603342998
        }
      }
    }
  }
}