{
  "chain_id": "MATH_012",
  "layer": 27,
  "T": 97,
  "arc_length": 22150.82421875,
  "mean_curvature": 0.007600850107050256,
  "max_curvature": 0.012023648247122765,
  "n_transitions": 15,
  "return_rate": 0.8125,
  "cone_angle": 0.8563441634178162,
  "n_tier3_sentences": 0,
  "n_cross_domain_sentences": 0,
  "truncated": true,
  "behaviours_visited": [
    "example-testing",
    "uncertainty-estimation",
    "backtracking",
    "adding-knowledge"
  ],
  "sentence_ids": [
    "MATH_012:1",
    "MATH_012:2",
    "MATH_012:7",
    "MATH_012:8",
    "MATH_012:9",
    "MATH_012:10",
    "MATH_012:11",
    "MATH_012:12",
    "MATH_012:15",
    "MATH_012:16",
    "MATH_012:17",
    "MATH_012:18",
    "MATH_012:19",
    "MATH_012:20",
    "MATH_012:21",
    "MATH_012:22",
    "MATH_012:23",
    "MATH_012:24",
    "MATH_012:25",
    "MATH_012:26",
    "MATH_012:27",
    "MATH_012:28",
    "MATH_012:29",
    "MATH_012:30",
    "MATH_012:31",
    "MATH_012:32",
    "MATH_012:33",
    "MATH_012:34",
    "MATH_012:35",
    "MATH_012:36",
    "MATH_012:37",
    "MATH_012:38",
    "MATH_012:39",
    "MATH_012:40",
    "MATH_012:41",
    "MATH_012:42",
    "MATH_012:43",
    "MATH_012:44",
    "MATH_012:45",
    "MATH_012:46",
    "MATH_012:47",
    "MATH_012:48",
    "MATH_012:50",
    "MATH_012:51",
    "MATH_012:52",
    "MATH_012:53",
    "MATH_012:54",
    "MATH_012:55",
    "MATH_012:57",
    "MATH_012:58",
    "MATH_012:59",
    "MATH_012:60",
    "MATH_012:61",
    "MATH_012:63",
    "MATH_012:64",
    "MATH_012:65",
    "MATH_012:66",
    "MATH_012:67",
    "MATH_012:68",
    "MATH_012:70",
    "MATH_012:71",
    "MATH_012:73",
    "MATH_012:74",
    "MATH_012:75",
    "MATH_012:76",
    "MATH_012:78",
    "MATH_012:79",
    "MATH_012:81",
    "MATH_012:82",
    "MATH_012:83",
    "MATH_012:84",
    "MATH_012:86",
    "MATH_012:87",
    "MATH_012:89",
    "MATH_012:90",
    "MATH_012:91",
    "MATH_012:92",
    "MATH_012:94",
    "MATH_012:95",
    "MATH_012:97",
    "MATH_012:98",
    "MATH_012:99",
    "MATH_012:100",
    "MATH_012:102",
    "MATH_012:103",
    "MATH_012:105",
    "MATH_012:106",
    "MATH_012:107",
    "MATH_012:108",
    "MATH_012:110",
    "MATH_012:111",
    "MATH_012:113",
    "MATH_012:114",
    "MATH_012:115",
    "MATH_012:116",
    "MATH_012:118",
    "MATH_012:119"
  ],
  "behaviours": [
    "uncertainty-estimation",
    "adding-knowledge",
    "backtracking",
    "adding-knowledge",
    "backtracking",
    "uncertainty-estimation",
    "backtracking",
    "adding-knowledge",
    "uncertainty-estimation",
    "backtracking",
    "backtracking",
    "uncertainty-estimation",
    "uncertainty-estimation",
    "backtracking",
    "backtracking",
    "example-testing",
    "uncertainty-estimation",
    "example-testing",
    "uncertainty-estimation",
    "backtracking",
    "example-testing",
    "backtracking",
    "backtracking",
    "example-testing",
    "uncertainty-estimation",
    "backtracking",
    "example-testing",
    "uncertainty-estimation",
    "backtracking",
    "example-testing",
    "backtracking",
    "example-testing",
    "backtracking",
    "example-testing",
    "backtracking",
    "uncertainty-estimation",
    "backtracking",
    "backtracking",
    "example-testing",
    "example-testing",
    "example-testing",
    "example-testing",
    "backtracking",
    "example-testing",
    "example-testing",
    "example-testing",
    "example-testing",
    "example-testing",
    "backtracking",
    "example-testing",
    "example-testing",
    "example-testing",
    "example-testing",
    "backtracking",
    "example-testing",
    "example-testing",
    "example-testing",
    "example-testing",
    "example-testing",
    "backtracking",
    "example-testing",
    "backtracking",
    "example-testing",
    "example-testing",
    "example-testing",
    "backtracking",
    "example-testing",
    "backtracking",
    "example-testing",
    "example-testing",
    "example-testing",
    "backtracking",
    "example-testing",
    "backtracking",
    "example-testing",
    "example-testing",
    "example-testing",
    "backtracking",
    "example-testing",
    "backtracking",
    "example-testing",
    "example-testing",
    "example-testing",
    "backtracking",
    "example-testing",
    "backtracking",
    "example-testing",
    "example-testing",
    "example-testing",
    "backtracking",
    "example-testing",
    "backtracking",
    "example-testing",
    "example-testing",
    "example-testing",
    "backtracking",
    "example-testing"
  ],
  "cbs_tiers": [
    0,
    0,
    0,
    0,
    0,
    0,
    0,
    0,
    0,
    0,
    0,
    0,
    0,
    0,
    0,
    0,
    0,
    0,
    0,
    0,
    0,
    0,
    0,
    0,
    0,
    0,
    0,
    0,
    0,
    0,
    0,
    0,
    0,
    0,
    0,
    0,
    0,
    0,
    0,
    0,
    0,
    0,
    0,
    0,
    0,
    0,
    0,
    0,
    0,
    0,
    0,
    0,
    0,
    0,
    0,
    0,
    0,
    0,
    0,
    0,
    0,
    0,
    0,
    0,
    0,
    0,
    0,
    0,
    0,
    0,
    0,
    0,
    0,
    0,
    0,
    0,
    0,
    0,
    0,
    0,
    0,
    0,
    0,
    0,
    0,
    0,
    0,
    0,
    0,
    0,
    0,
    0,
    0,
    0,
    0,
    0,
    0
  ],
  "cross_domain": [
    null,
    null,
    null,
    null,
    null,
    null,
    null,
    null,
    null,
    null,
    null,
    null,
    null,
    null,
    null,
    null,
    null,
    null,
    null,
    null,
    null,
    null,
    null,
    null,
    null,
    null,
    null,
    null,
    null,
    null,
    null,
    null,
    null,
    null,
    null,
    null,
    null,
    null,
    null,
    null,
    null,
    null,
    null,
    null,
    null,
    null,
    null,
    null,
    null,
    null,
    null,
    null,
    null,
    null,
    null,
    null,
    null,
    null,
    null,
    null,
    null,
    null,
    null,
    null,
    null,
    null,
    null,
    null,
    null,
    null,
    null,
    null,
    null,
    null,
    null,
    null,
    null,
    null,
    null,
    null,
    null,
    null,
    null,
    null,
    null,
    null,
    null,
    null,
    null,
    null,
    null,
    null,
    null,
    null,
    null,
    null,
    null
  ],