{
  "chain_id": "MATH_017",
  "layer": 27,
  "T": 12,
  "arc_length": 3022.885498046875,
  "mean_curvature": 0.006171712465584278,
  "max_curvature": 0.006779555696994066,
  "n_transitions": 8,
  "return_rate": 0.6666666666666666,
  "cone_angle": 0.8192120790481567,
  "n_tier3_sentences": 0,
  "n_cross_domain_sentences": 0,
  "truncated": false,
  "behaviours_visited": [
    "example-testing",
    "uncertainty-estimation",
    "backtracking",
    "adding-knowledge"
  ],
  "sentence_ids": [
    "MATH_017:1",
    "MATH_017:7",
    "MATH_017:8",
    "MATH_017:10",
    "MATH_017:11",
    "MATH_017:12",
    "MATH_017:14",
    "MATH_017:15",
    "MATH_017:17",
    "MATH_017:18",
    "MATH_017:24",
    "MATH_017:26"
  ],
  "behaviours": [
    "adding-knowledge",
    "uncertainty-estimation",
    "backtracking",
    "adding-knowledge",
    "example-testing",
    "uncertainty-estimation",
    "example-testing",
    "uncertainty-estimation",
    "backtracking",
    "example-testing",
    "adding-knowledge",
    "adding-knowledge"
  ],
  "cbs_tiers": [
    0,
    0,
    0,
    0,
    0,
    0,
    0,
    0,
    0,
    0,
    0,
    0
  ],
  "cross_domain": [
    null,
    null,
    null,
    null,
    null,
    null,
    null,
    null,
    null,
    null,
    null,
    null
  ],
  "arc_length_sequence": [
    0.0,
    284.2543640136719,
    569.6304931640625,
    847.0877075195312,
    1125.59619140625,
    1418.35546875,
    1684.3468017578125,
    1957.07373046875,
    2213.023681640625,
    2434.4169921875,
    2787.927001953125,
    3022.885498046875
  ],
  "curvature_sequence": [
    null,
    0.005996334832161665,
    0.006272441707551479,
    0.006190785672515631,
    0.005916544236242771,
    0.006548579316586256,
    0.006238674744963646,
    0.006779555696994066,
    0.006637930404394865,
    0.005827781744301319,
    0.0053084963001310825,
    null
  ]
}