{
  "chain_id": "MATH_016",
  "layer": 27,
  "T": 15,
  "arc_length": 3234.125244140625,
  "mean_curvature": 0.007460417046856422,
  "max_curvature": 0.01031187828630209,
  "n_transitions": 9,
  "return_rate": 0.7,
  "cone_angle": 1.0416624546051025,
  "n_tier3_sentences": 0,
  "n_cross_domain_sentences": 0,
  "truncated": false,
  "behaviours_visited": [
    "example-testing",
    "uncertainty-estimation",
    "backtracking",
    "adding-knowledge"
  ],
  "sentence_ids": [
    "MATH_016:1",
    "MATH_016:2",
    "MATH_016:4",
    "MATH_016:12",
    "MATH_016:14",
    "MATH_016:15",
    "MATH_016:17",
    "MATH_016:18",
    "MATH_016:19",
    "MATH_016:20",
    "MATH_016:22",
    "MATH_016:25",
    "MATH_016:30",
    "MATH_016:31",
    "MATH_016:32"
  ],
  "behaviours": [
    "adding-knowledge",
    "example-testing",
    "adding-knowledge",
    "uncertainty-estimation",
    "example-testing",
    "uncertainty-estimation",
    "uncertainty-estimation",
    "adding-knowledge",
    "backtracking",
    "example-testing",
    "uncertainty-estimation",
    "example-testing",
    "adding-knowledge",
    "adding-knowledge",
    "uncertainty-estimation"
  ],
  "cbs_tiers": [
    0,
    0,
    0,
    0,
    0,
    0,
    0,
    0,
    0,
    0,
    0,
    0,
    0,
    0,
    0
  ],
  "cross_domain": [
    null,
    null,
    null,
    null,
    null,
    null,
    null,
    null,
    null,
    null,
    null,
    null,
    null,
    null,
    null
  ],
  "arc_length_sequence": [
    0.0,
    279.9459533691406,
    563.71875,
    841.3201293945312,
    1058.002197265625,
    1281.667236328125,
    1427.4071044921875,
    1638.12158203125,
    1902.4237060546875,
    2156.96728515625,
    2327.756103515625,
    2507.1171875,
    2801.43994140625,
    3017.29638671875,
    3234.125244140625
  ],
  "curvature_sequence": [
    null,
    0.005879893898963928,
    0.0061441813595592976,
    0.0067884414456784725,
    0.007986676879227161,
    0.008571390062570572,
    0.009120515547692776,
    0.006932688411325216,
    0.007105077616870403,
    0.007099926006048918,
    0.01031187828630209,
    0.00672870920971036,
    0.006419380195438862,
    0.007896662689745426,
    null
  ]
}