{
  "chain_id": "MATH_006",
  "layer": 27,
  "T": 24,
  "arc_length": 5462.91455078125,
  "mean_curvature": 0.007137999404221773,
  "max_curvature": 0.009400713257491589,
  "n_transitions": 8,
  "return_rate": 0.6666666666666666,
  "cone_angle": 0.8737748861312866,
  "n_tier3_sentences": 0,
  "n_cross_domain_sentences": 0,
  "truncated": false,
  "behaviours_visited": [
    "example-testing",
    "uncertainty-estimation",
    "backtracking",
    "adding-knowledge"
  ],
  "sentence_ids": [
    "MATH_006:1",
    "MATH_006:8",
    "MATH_006:10",
    "MATH_006:11",
    "MATH_006:12",
    "MATH_006:13",
    "MATH_006:15",
    "MATH_006:16",
    "MATH_006:17",
    "MATH_006:18",
    "MATH_006:19",
    "MATH_006:20",
    "MATH_006:21",
    "MATH_006:22",
    "MATH_006:23",
    "MATH_006:24",
    "MATH_006:25",
    "MATH_006:26",
    "MATH_006:28",
    "MATH_006:29",
    "MATH_006:30",
    "MATH_006:32",
    "MATH_006:34",
    "MATH_006:36"
  ],
  "behaviours": [
    "adding-knowledge",
    "example-testing",
    "example-testing",
    "uncertainty-estimation",
    "backtracking",
    "example-testing",
    "backtracking",
    "example-testing",
    "uncertainty-estimation",
    "backtracking",
    "example-testing",
    "uncertainty-estimation",
    "backtracking",
    "example-testing",
    "uncertainty-estimation",
    "uncertainty-estimation",
    "backtracking",
    "example-testing",
    "uncertainty-estimation",
    "backtracking",
    "example-testing",
    "example-testing",
    "example-testing",
    "adding-knowledge"
  ],
  "cbs_tiers": [
    0,
    0,
    0,
    0,
    0,
    0,
    0,
    0,
    0,
    0,
    0,
    0,
    0,
    0,
    0,
    0,
    0,
    0,
    0,
    0,
    0,
    0,
    0,
    0
  ],
  "cross_domain": [
    null,
    null,
    null,
    null,
    null,
    null,
    null,
    null,
    null,
    null,
    null,
    null,
    null,
    null,
    null,
    null,
    null,
    null,
    null,
    null,
    null,
    null,
    null,
    null
  ],
  "arc_length_sequence": [
    0.0,
    227.99830627441406,
    497.0650634765625,
    750.7567138671875,
    977.086181640625,
    1202.6463623046875,
    1437.3355712890625,
    1640.0435791015625,
    1841.865234375,
    2070.83642578125,
    2324.890380859375,
    2608.97412109375,
    2832.563232421875,
    3090.582275390625,
    3333.1962890625,
    3333.1962890625,
    3584.890625,
    3909.33935546875,
    4172.7421875,
    4397.57568359375,
    4626.67822265625,
    4887.2587890625,
    5163.9755859375,
    5462.91455078125
  ],
  "curvature_sequence": [
    null,
    0.00691300630569458,
    0.006509045604616404,
    0.00732168136164546,
    0.007759521249681711,
    0.007745164446532726,
    0.008077043108642101,
    0.009400713257491589,
    0.007063319440931082,
    0.00707630068063736,
    0.006566093303263187,
    0.007028642576187849,
    0.007227533031255007,
    0.007800350897014141,
    null,
    null,
    0.006152554415166378,
    0.00622522970661521,
    0.0071882144547998905,
    0.007373841945081949,
    0.007182357832789421,
    0.0068118516355752945,
    0.005337522830814123,
    null
  ]
}