{
  "chain_id": "MATH_009",
  "layer": 27,
  "T": 19,
  "arc_length": 4583.45703125,
  "mean_curvature": 0.006820270380772212,
  "max_curvature": 0.009372659958899021,
  "n_transitions": 7,
  "return_rate": 0.625,
  "cone_angle": 0.8058753609657288,
  "n_tier3_sentences": 0,
  "n_cross_domain_sentences": 0,
  "truncated": false,
  "behaviours_visited": [
    "example-testing",
    "uncertainty-estimation",
    "backtracking",
    "adding-knowledge"
  ],
  "sentence_ids": [
    "MATH_009:1",
    "MATH_009:3",
    "MATH_009:4",
    "MATH_009:7",
    "MATH_009:8",
    "MATH_009:10",
    "MATH_009:11",
    "MATH_009:12",
    "MATH_009:13",
    "MATH_009:14",
    "MATH_009:15",
    "MATH_009:16",
    "MATH_009:17",
    "MATH_009:19",
    "MATH_009:21",
    "MATH_009:23",
    "MATH_009:25",
    "MATH_009:27",
    "MATH_009:30"
  ],
  "behaviours": [
    "adding-knowledge",
    "uncertainty-estimation",
    "adding-knowledge",
    "uncertainty-estimation",
    "backtracking",
    "uncertainty-estimation",
    "backtracking",
    "example-testing",
    "uncertainty-estimation",
    "backtracking",
    "adding-knowledge",
    "uncertainty-estimation",
    "backtracking",
    "uncertainty-estimation",
    "uncertainty-estimation",
    "uncertainty-estimation",
    "uncertainty-estimation",
    "uncertainty-estimation",
    "uncertainty-estimation"
  ],
  "cbs_tiers": [
    0,
    0,
    0,
    0,
    0,
    0,
    0,
    0,
    0,
    0,
    0,
    0,
    0,
    0,
    0,
    0,
    0,
    0,
    0
  ],
  "cross_domain": [
    null,
    null,
    null,
    null,
    null,
    null,
    null,
    null,
    null,
    null,
    null,
    null,
    null,
    null,
    null,
    null,
    null,
    null,
    null
  ],
  "arc_length_sequence": [
    0.0,
    252.5753631591797,
    461.6927490234375,
    787.295166015625,
    1007.57275390625,
    1303.606201171875,
    1591.68115234375,
    1814.933349609375,
    2102.667236328125,
    2382.166015625,
    2570.735107421875,
    2859.53515625,
    3078.320068359375,
    3410.234375,
    3731.387939453125,
    3998.560791015625,
    4175.42431640625,
    4317.96875,
    4583.45703125
  ],
  "curvature_sequence": [
    null,
    0.006816389970481396,
    0.006547607947140932,
    0.006770562380552292,
    0.005821751430630684,
    0.006304993759840727,
    0.00678613455966115,
    0.006670239847153425,
    0.00657627172768116,
    0.006721039768308401,
    0.007308806758373976,
    0.006718814838677645,
    0.006035700440406799,
    0.0054869214072823524,
    0.006255216896533966,
    0.007822325453162193,
    0.009372659958899021,
    0.007929159328341484,
    null
  ]
}