{
  "chain_id": "MATH_004",
  "layer": 27,
  "T": 25,
  "arc_length": 3073.29345703125,
  "mean_curvature": 0.0073114491533488035,
  "max_curvature": 0.009700863622128963,
  "n_transitions": 4,
  "return_rate": 0.6,
  "cone_angle": 0.7514759302139282,
  "n_tier3_sentences": 0,
  "n_cross_domain_sentences": 0,
  "truncated": true,
  "behaviours_visited": [
    "example-testing",
    "uncertainty-estimation",
    "backtracking",
    "adding-knowledge"
  ],
  "sentence_ids": [
    "MATH_004:1",
    "MATH_004:3",
    "MATH_004:4",
    "MATH_004:6",
    "MATH_004:7",
    "MATH_004:8",
    "MATH_004:10",
    "MATH_004:12",
    "MATH_004:16",
    "MATH_004:17",
    "MATH_004:20",
    "MATH_004:21",
    "MATH_004:32",
    "MATH_004:38",
    "MATH_004:44",
    "MATH_004:50",
    "MATH_004:56",
    "MATH_004:62",
    "MATH_004:67",
    "MATH_004:72",
    "MATH_004:77",
    "MATH_004:82",
    "MATH_004:130",
    "MATH_004:132",
    "MATH_004:134"
  ],
  "behaviours": [
    "adding-knowledge",
    "uncertainty-estimation",
    "adding-knowledge",
    "uncertainty-estimation",
    "example-testing",
    "uncertainty-estimation",
    "backtracking",
    "example-testing",
    "uncertainty-estimation",
    "example-testing",
    "uncertainty-estimation",
    "example-testing",
    "backtracking",
    "backtracking",
    "backtracking",
    "backtracking",
    "backtracking",
    "backtracking",
    "backtracking",
    "backtracking",
    "backtracking",
    "backtracking",
    "backtracking",
    "backtracking",
    "backtracking"
  ],
  "cbs_tiers": [
    0,
    0,
    0,
    0,
    0,
    0,
    0,
    0,
    0,
    0,
    0,
    0,
    0,
    0,
    0,
    0,
    0,
    0,
    0,
    0,
    0,
    0,
    0,
    0,
    0
  ],
  "cross_domain": [
    null,
    null,
    null,
    null,
    null,
    null,
    null,
    null,
    null,
    null,
    null,
    null,
    null,
    null,
    null,
    null,
    null,
    null,
    null,
    null,
    null,
    null,
    null,
    null,
    null
  ],
  "arc_length_sequence": [
    0.0,
    279.08038330078125,
    542.7860717773438,
    792.7654418945312,
    1056.0526123046875,
    1343.5777587890625,
    1573.9686279296875,
    1791.608154296875,
    2041.3214111328125,
    2334.7841796875,
    2532.513916015625,
    2663.779052734375,
    2957.7451171875,
    2996.26123046875,
    2996.26123046875,
    2996.26123046875,
    2996.26123046875,
    3034.77734375,
    3034.77734375,
    3034.77734375,
    3034.77734375,
    3034.77734375,
    3073.29345703125,
    3073.29345703125,
    3073.29345703125
  ],
  "curvature_sequence": [
    null,
    0.00650748098269105,
    0.0068344674073159695,
    0.006579861976206303,
    0.006282771937549114,
    0.007125594653189182,
    0.0074156466871500015,
    0.007464189548045397,
    0.006676424760371447,
    0.006644584238529205,
    0.009700863622128963,
    0.008200081996619701,
    0.008305422030389309,
    null,
    null,
    null,
    null,
    null,
    null,
    null,
    null,
    null,
    null,
    null,
    null
  ]
}