{
  "chain_id": "MATH_000",
  "layer": 27,
  "T": 14,
  "arc_length": 2111.677001953125,
  "mean_curvature": 0.007496899110265076,
  "max_curvature": 0.009083283133804798,
  "n_transitions": 4,
  "return_rate": 0.4,
  "cone_angle": 0.7496516108512878,
  "n_tier3_sentences": 0,
  "n_cross_domain_sentences": 0,
  "truncated": true,
  "behaviours_visited": [
    "example-testing",
    "uncertainty-estimation",
    "adding-knowledge"
  ],
  "sentence_ids": [
    "MATH_000:3",
    "MATH_000:6",
    "MATH_000:7",
    "MATH_000:8",
    "MATH_000:9",
    "MATH_000:11",
    "MATH_000:12",
    "MATH_000:14",
    "MATH_000:16",
    "MATH_000:17",
    "MATH_000:18",
    "MATH_000:19",
    "MATH_000:20",
    "MATH_000:21"
  ],
  "behaviours": [
    "uncertainty-estimation",
    "adding-knowledge",
    "uncertainty-estimation",
    "example-testing",
    "uncertainty-estimation",
    "adding-knowledge",
    "adding-knowledge",
    "adding-knowledge",
    "uncertainty-estimation",
    "uncertainty-estimation",
    "uncertainty-estimation",
    "uncertainty-estimation",
    "uncertainty-estimation",
    "uncertainty-estimation"
  ],
  "cbs_tiers": [
    0,
    0,
    0,
    0,
    0,
    0,
    0,
    0,
    0,
    0,
    0,
    0,
    0,
    0
  ],
  "cross_domain": [
    null,
    null,
    null,
    null,
    null,
    null,
    null,
    null,
    null,
    null,
    null,
    null,
    null,
    null
  ],
  "arc_length_sequence": [
    0.0,
    281.6261291503906,
    531.8113403320312,
    777.6568603515625,
    1022.5574340820312,
    1183.749267578125,
    1360.830078125,
    1606.201171875,
    1906.4140625,
    2111.677001953125,
    2111.677001953125,
    2111.677001953125,
    2111.677001953125,
    2111.677001953125
  ],
  "curvature_sequence": [
    null,
    0.0067798118107020855,
    0.0071711549535393715,
    0.007707181852310896,
    0.008033893071115017,
    0.009083283133804798,
    0.008709869347512722,
    0.006209334824234247,
    0.006280663888901472,
    null,
    null,
    null,
    null,
    null
  ]
}