{
  "chain_id": "MATH_003",
  "layer": 27,
  "T": 17,
  "arc_length": 3940.0390625,
  "mean_curvature": 0.00751143665984273,
  "max_curvature": 0.013403665274381638,
  "n_transitions": 11,
  "return_rate": 0.75,
  "cone_angle": 0.834252119064331,
  "n_tier3_sentences": 0,
  "n_cross_domain_sentences": 0,
  "truncated": false,
  "behaviours_visited": [
    "example-testing",
    "uncertainty-estimation",
    "backtracking",
    "adding-knowledge"
  ],
  "sentence_ids": [
    "MATH_003:1",
    "MATH_003:3",
    "MATH_003:5",
    "MATH_003:7",
    "MATH_003:8",
    "MATH_003:9",
    "MATH_003:10",
    "MATH_003:12",
    "MATH_003:13",
    "MATH_003:15",
    "MATH_003:17",
    "MATH_003:18",
    "MATH_003:19",
    "MATH_003:20",
    "MATH_003:21",
    "MATH_003:24",
    "MATH_003:25"
  ],
  "behaviours": [
    "adding-knowledge",
    "example-testing",
    "example-testing",
    "uncertainty-estimation",
    "example-testing",
    "uncertainty-estimation",
    "example-testing",
    "uncertainty-estimation",
    "example-testing",
    "uncertainty-estimation",
    "uncertainty-estimation",
    "example-testing",
    "backtracking",
    "example-testing",
    "uncertainty-estimation",
    "uncertainty-estimation",
    "example-testing"
  ],
  "cbs_tiers": [
    0,
    0,
    0,
    0,
    0,
    0,
    0,
    0,
    0,
    0,
    0,
    0,
    0,
    0,
    0,
    0,
    0
  ],
  "cross_domain": [
    null,
    null,
    null,
    null,
    null,
    null,
    null,
    null,
    null,
    null,
    null,
    null,
    null,
    null,
    null,
    null,
    null
  ],
  "arc_length_sequence": [
    0.0,
    230.57955932617188,
    494.1197814941406,
    853.418212890625,
    1168.352294921875,
    1435.5576171875,
    1626.6358642578125,
    1874.8782958984375,
    2189.69384765625,
    2424.38330078125,
    2522.087646484375,
    2670.485107421875,
    2873.04443359375,
    3196.6845703125,
    3484.10595703125,
    3715.68505859375,
    3940.0390625
  ],
  "curvature_sequence": [
    null,
    0.006210859399288893,
    0.00573665602132678,
    0.005701202433556318,
    0.006034587509930134,
    0.00730468425899744,
    0.008864457719027996,
    0.006460829172283411,
    0.007050712127238512,
    0.00973681453615427,
    0.013403665274381638,
    0.009475129656493664,
    0.0071975914761424065,
    0.006452156696468592,
    0.0051945908926427364,
    0.007847612723708153,
    null
  ]
}