{
  "chain_id": "MATH_014",
  "layer": 27,
  "T": 14,
  "arc_length": 3199.022705078125,
  "mean_curvature": 0.0073977205126235885,
  "max_curvature": 0.009237614460289478,
  "n_transitions": 10,
  "return_rate": 0.7272727272727273,
  "cone_angle": 0.98129802942276,
  "n_tier3_sentences": 0,
  "n_cross_domain_sentences": 0,
  "truncated": false,
  "behaviours_visited": [
    "uncertainty-estimation",
    "backtracking",
    "adding-knowledge",
    "example-testing"
  ],
  "sentence_ids": [
    "MATH_014:1",
    "MATH_014:8",
    "MATH_014:9",
    "MATH_014:11",
    "MATH_014:12",
    "MATH_014:16",
    "MATH_014:17",
    "MATH_014:21",
    "MATH_014:24",
    "MATH_014:25",
    "MATH_014:29",
    "MATH_014:30",
    "MATH_014:31",
    "MATH_014:32"
  ],
  "behaviours": [
    "uncertainty-estimation",
    "uncertainty-estimation",
    "backtracking",
    "uncertainty-estimation",
    "backtracking",
    "uncertainty-estimation",
    "backtracking",
    "uncertainty-estimation",
    "uncertainty-estimation",
    "uncertainty-estimation",
    "uncertainty-estimation",
    "example-testing",
    "uncertainty-estimation",
    "adding-knowledge"
  ],
  "cbs_tiers": [
    0,
    0,
    0,
    0,
    0,
    0,
    0,
    0,
    0,
    0,
    0,
    0,
    0,
    0
  ],
  "cross_domain": [
    null,
    null,
    null,
    null,
    null,
    null,
    null,
    null,
    null,
    null,
    null,
    null,
    null,
    null
  ],
  "arc_length_sequence": [
    0.0,
    359.3550720214844,
    577.6104736328125,
    799.9658203125,
    999.5452880859375,
    1190.4871826171875,
    1413.5257568359375,
    1700.06689453125,
    1858.25,
    2122.19140625,
    2399.490966796875,
    2675.71337890625,
    2902.304443359375,
    3199.022705078125
  ],
  "curvature_sequence": [
    null,
    0.005719280801713467,
    0.008440773002803326,
    0.009237614460289478,
    0.008561472408473492,
    0.009048176929354668,
    0.006185728125274181,
    0.007519836537539959,
    0.006722245365381241,
    0.007159543689340353,
    0.00674732681363821,
    0.0067910123616456985,
    0.006639635656028986,
    null
  ]
}